{
    "instance": {
        "name": "brytedev",
        "url": "https://brytedev.service-now.com",
        "g_ck": "6f34b2011b53e8504c3943f1b24bcbf02c2be4121f1b72be89bee49f7b071167db3f44d9"
    },
    "action": "saveWidget",
    "tableName": "sp_widget",
    "name": "My Assets",
    "sys_id": "45db06bb1b4be4504c3943f1b24bcb93",
    "widget": {
        "template": {
            "sys_mandatory": false,
            "visible": true,
            "dbType": -1,
            "label": "Body HTML template",
            "sys_readonly": false,
            "type": "html_template",
            "mandatory": false,
            "displayValue": "<div>\r\n<widget id=\"widget-data-table\" options='data.clockOptions'></widget>\r\n</div>",
            "readonly": false,
            "hint": "",
            "name": "template",
            "attributes": {},
            "choice": 0,
            "value": "<div>\r\n<widget id=\"widget-data-table\" options='data.clockOptions'></widget>\r\n</div>",
            "max_length": 65000,
            "ed": {
                "name": "template"
            }
        },
        "css": {
            "sys_mandatory": false,
            "visible": true,
            "dbType": -1,
            "label": "CSS",
            "sys_readonly": false,
            "type": "css",
            "mandatory": false,
            "displayValue": "",
            "readonly": false,
            "hint": "",
            "name": "css",
            "attributes": {},
            "choice": 0,
            "value": "",
            "max_length": 8000,
            "ed": {
                "name": "css"
            }
        },
        "roles": {
            "sys_mandatory": false,
            "visible": true,
            "dbType": 12,
            "label": "Roles",
            "sys_readonly": false,
            "type": "user_roles",
            "mandatory": false,
            "displayValue": "",
            "readonly": false,
            "hint": "",
            "name": "roles",
            "attributes": {
                "no_truncate": "true",
                "update_exempt": "true",
                "record_watcher_blacklist": "true"
            },
            "choice": 0,
            "value": "",
            "max_length": 255,
            "ed": {
                "name": "roles"
            }
        },
        "link": {
            "sys_mandatory": false,
            "visible": true,
            "dbType": -1,
            "label": "Link",
            "sys_readonly": false,
            "type": "script",
            "mandatory": false,
            "displayValue": "function link(scope, element, attrs, controller) {\r\n  \r\n}",
            "readonly": false,
            "hint": "",
            "name": "link",
            "attributes": {
                "client_script": "true"
            },
            "choice": 0,
            "value": "function link(scope, element, attrs, controller) {\r\n  \r\n}",
            "max_length": 65000,
            "ed": {
                "name": "link"
            }
        },
        "description": {
            "sys_mandatory": false,
            "visible": true,
            "dbType": -1,
            "label": "Description",
            "sys_readonly": false,
            "type": "string",
            "mandatory": false,
            "displayValue": "",
            "readonly": false,
            "hint": "Defines what the widget does",
            "name": "description",
            "attributes": {
                "edge_encryption_enabled": "true"
            },
            "choice": 0,
            "value": "",
            "max_length": 300,
            "ed": {
                "name": "description"
            }
        },
        "demo_data": {
            "sys_mandatory": false,
            "visible": true,
            "dbType": -1,
            "label": "Demo data",
            "sys_readonly": false,
            "type": "json",
            "mandatory": false,
            "displayValue": "",
            "readonly": false,
            "hint": "",
            "name": "demo_data",
            "attributes": {},
            "choice": 0,
            "value": "",
            "max_length": 8000,
            "ed": {
                "name": "demo_data"
            }
        },
        "option_schema": {
            "sys_mandatory": false,
            "visible": true,
            "dbType": -1,
            "label": "Option schema",
            "sys_readonly": false,
            "type": "json",
            "mandatory": false,
            "displayValue": "",
            "readonly": false,
            "hint": "",
            "name": "option_schema",
            "attributes": {},
            "choice": 0,
            "value": "",
            "max_length": 8000,
            "ed": {
                "name": "option_schema"
            }
        },
        "script": {
            "sys_mandatory": false,
            "visible": true,
            "dbType": -1,
            "label": "Server script",
            "sys_readonly": false,
            "type": "script",
            "mandatory": false,
            "displayValue": "(function() {\r\n  data.clockOptions = {\"table\": 'alm_hardware',\"title\": 'Assigned Assets',\"color\": '#FF0000',\"hide_footer\": 'true',\"filter\": 'assigned_toDYNAMIC90d1921e5f510100a9ad2572f2b477fe', \"sp_page\": 'form',\"list_page\": 'list',\"fields\": 'asset_tag,serial_number,model,install_status,location',\"o\": 'sys_updated_on',\"d\": 'desc'};\r\n})();",
            "readonly": false,
            "hint": "",
            "name": "script",
            "attributes": {},
            "choice": 0,
            "value": "(function() {\r\n  data.clockOptions = {\"table\": 'alm_hardware',\"title\": 'Assigned Assets',\"color\": '#FF0000',\"hide_footer\": 'true',\"filter\": 'assigned_toDYNAMIC90d1921e5f510100a9ad2572f2b477fe', \"sp_page\": 'form',\"list_page\": 'list',\"fields\": 'asset_tag,serial_number,model,install_status,location',\"o\": 'sys_updated_on',\"d\": 'desc'};\r\n})();",
            "max_length": 65000,
            "ed": {
                "name": "script"
            }
        },
        "has_preview": {
            "sys_mandatory": false,
            "visible": true,
            "dbType": -7,
            "label": "Has preview",
            "sys_readonly": false,
            "type": "boolean",
            "mandatory": false,
            "displayValue": "false",
            "readonly": false,
            "hint": "Defines whether preview data is available",
            "name": "has_preview",
            "attributes": {},
            "choice": 0,
            "value": "false",
            "max_length": 40,
            "ed": {
                "name": "has_preview"
            }
        },
        "public": {
            "sys_mandatory": false,
            "visible": true,
            "dbType": -7,
            "label": "Public",
            "sys_readonly": false,
            "type": "boolean",
            "mandatory": false,
            "displayValue": "false",
            "readonly": false,
            "hint": "Widget publicly available to unauthenticated users",
            "name": "public",
            "attributes": {
                "update_exempt": "true"
            },
            "choice": 0,
            "value": "false",
            "max_length": 40,
            "ed": {
                "name": "public"
            }
        },
        "docs": {
            "sys_mandatory": false,
            "visible": true,
            "table_attributes": {
                "update_synch": "true",
                "synch_attachments": "true"
            },
            "dbType": 12,
            "label": "Docs",
            "sys_readonly": false,
            "type": "reference",
            "mandatory": false,
            "refTable": "sp_documentation",
            "reference_type": "table",
            "displayValue": "",
            "readonly": false,
            "hint": "",
            "name": "docs",
            "attributes": {
                "encode_utf8": "false"
            },
            "reference_key": "sys_id",
            "readonlyClickthrough": false,
            "choice": 0,
            "value": "",
            "max_length": 32,
            "ed": {
                "reference": "sp_documentation",
                "searchField": "title",
                "defaultOperator": "STARTSWITH",
                "name": "docs"
            }
        },
        "client_script": {
            "sys_mandatory": false,
            "visible": true,
            "dbType": -1,
            "label": "Client controller",
            "sys_readonly": false,
            "type": "script",
            "mandatory": false,
            "displayValue": "api.controller=function() {\r\n  /* widget controller */\r\n  var c = this;\r\n};",
            "readonly": false,
            "hint": "",
            "name": "client_script",
            "attributes": {
                "client_script": "true"
            },
            "choice": 0,
            "value": "api.controller=function() {\r\n  /* widget controller */\r\n  var c = this;\r\n};",
            "max_length": 8000,
            "ed": {
                "name": "client_script"
            }
        },
        "data_table": {
            "sys_mandatory": true,
            "visible": true,
            "dbType": 12,
            "default_value": "sp_instance",
            "label": "Data table",
            "sys_readonly": false,
            "type": "table_name",
            "mandatory": true,
            "displayValue": "sp_instance",
            "readonly": false,
            "hint": "",
            "name": "data_table",
            "attributes": {
                "base_table": "sp_instance",
                "base_start": "true"
            },
            "choice": 0,
            "choices": [],
            "value": "sp_instance",
            "max_length": 80,
            "ed": {
                "name": "data_table"
            }
        },
        "name": {
            "sys_mandatory": true,
            "visible": true,
            "dbType": 12,
            "label": "Name",
            "sys_readonly": false,
            "type": "translated_field",
            "mandatory": true,
            "displayValue": "My Assets",
            "readonly": false,
            "hint": "",
            "name": "name",
            "attributes": {},
            "choice": 0,
            "value": "My Assets",
            "max_length": 40,
            "ed": {
                "name": "name"
            }
        },
        "sys_scope": {
            "sys_mandatory": false,
            "visible": true,
            "table_attributes": {},
            "dbType": 12,
            "label": "Application",
            "sys_readonly": true,
            "type": "reference",
            "mandatory": false,
            "refTable": "sys_scope",
            "reference_type": "table",
            "displayValue": "Global",
            "readonly": true,
            "hint": "Application containing this record",
            "name": "sys_scope",
            "attributes": {
                "encode_utf8": "false",
                "list_force_default": "true",
                "readonly_clickthrough": "true",
                "ignore_filter_on_new": "true"
            },
            "reference_key": "sys_id",
            "readonlyClickthrough": true,
            "choice": 0,
            "value": "global",
            "max_length": 32,
            "ed": {
                "reference": "sys_scope",
                "searchField": "name",
                "defaultOperator": "STARTSWITH",
                "name": "sys_scope"
            }
        },
        "id": {
            "sys_mandatory": false,
            "visible": true,
            "dbType": 12,
            "label": "ID",
            "sys_readonly": false,
            "type": "string",
            "mandatory": false,
            "displayValue": "widget-my-assets",
            "readonly": false,
            "hint": "Identifier for $sp.embedWidget()",
            "name": "id",
            "attributes": {
                "edge_encryption_enabled": "true"
            },
            "choice": 0,
            "value": "widget-my-assets",
            "max_length": 40,
            "ed": {
                "name": "id"
            }
        },
        "field_list": {
            "sys_mandatory": false,
            "visible": true,
            "dependentField": "data_table",
            "dbType": -1,
            "label": "Fields",
            "sys_readonly": false,
            "type": "field_list",
            "mandatory": false,
            "displayValue": "",
            "readonly": false,
            "hint": "",
            "name": "field_list",
            "attributes": {
                "is_multi_text": "false"
            },
            "choice": 0,
            "value": "",
            "max_length": 1000,
            "ed": {
                "dependent_value": "sp_instance",
                "name": "field_list"
            }
        },
        "controller_as": {
            "sys_mandatory": false,
            "visible": true,
            "dbType": 12,
            "label": "controllerAs",
            "sys_readonly": false,
            "type": "string",
            "mandatory": false,
            "displayValue": "c",
            "readonly": false,
            "hint": "Identifier name for a reference to the controller in the directive's scope",
            "name": "controller_as",
            "attributes": {
                "edge_encryption_enabled": "true"
            },
            "choice": 0,
            "value": "c",
            "max_length": 100,
            "ed": {
                "name": "controller_as"
            }
        }
    }
}