<?xml version="1.0" encoding="utf-8" ?>
<j:jelly trim="false" xmlns:j="jelly:core" xmlns:g="glide" xmlns:j2="null" xmlns:g2="null">
		<head>
			<link rel="stylesheet" href="https://maxcdn.bootstrapcdn.com/bootstrap/3.3.7/css/bootstrap.min.css"/>
			<style>
				/* The Modal (background) */
				.modal {
					display: block; /* Hidden by default */
					position: fixed; /* Stay in place */
					z-index: 1; /* Sit on top */
					padding-top: 100px; /* Location of the box */
					left: 0;
					top: 0;
					width: 100%; /* Full width */
					height: 100%; /* Full height */
					overflow: auto; /* Enable scroll if needed */
					background-color: rgb(0,0,0); /* Fallback color */
					background-color: rgba(0,0,0,0.4); /* Black w/ opacity */
				}
				/* Modal Content */
				.modal-content {
					background-color: #fefefe;
					margin: auto;
					padding-top: 20px;
					padding-right: 20px;
					padding-bottom: 0px;
					padding-left: 20px;
					border: 1px solid #888;
					width: 80%;
				}
				/* The Close Button */
				.close {
					color: #aaaaaa;
					float: right;
					font-size: 28px;
					font-weight: bold;
				}
				.close:hover,
				.close:focus {
					color: #000;
					text-decoration: none;
					cursor: pointer;
				}
			</style>
		</head>
		<j:set var="jvar_approval" value="${sysparm_doc}"/>
		<g:evaluate>
			var apprv = new GlideRecord('sysapproval_approver');
			var comment;
			apprv.addQuery('sys_id', '${jvar_approval}');
			apprv.query();
			if(apprv.next()){
				var gr = new GlideRecord('sc_req_item');
				gr.addQuery('sys_id', apprv.document_id);
				gr.query();
				gr.next();
			var journal = gr.comments.getJournalEntry(-1).split("\n\n");
			for (var i = 0; i &lt; journal.length; i++){
				if(journal[i].includes("This comment is from the approval"))
				{
					comment = journal[i].split("\n");
					comment.shift();
					comment.shift();
					break;
				}
			}
			var comm = comment.join("\n");
<!-- 				gs.log("Decoder|State: "+gr.state); -->
			}
		</g:evaluate> 
		<body>
			<g:ui_form>
				<div id="myModal" class="modal">
					<!-- Modal content -->
					
					<div class="modal-content">
						<div id="notif" class="alert alert-info">
							<label>Number :</label>
							<j2:whitespace trim="false"> ${gr.number}</j2:whitespace>
							<div>
								<label>Short Description :</label>
								<j2:whitespace trim="false"> ${gr.short_description}</j2:whitespace>
							</div>
							<label>Comment from approver :</label>
							<j2:whitespace trim="false"> ${comm}</j2:whitespace>
						</div>
						<div id="comBody">
							<label>Please enter your response below</label>
							<textarea name='message' class="form-control" rows="4" id='modalComment'></textarea>
							<div class="modal-footer">
								<button id ='comSubmit' class="btn btn-primary float-left">Submit</button>
								<button onclick="modalClose()" class="btn btn-danger float-right">Close</button>
							</div>
						</div>
					</div>
				</div>
			</g:ui_form>	
		</body>
		<script>
			//querying the approval table to get the document_id,
			// using that ritm table will be queried to get the short description of the ticket
			if(${gr.state}==3){
				document.getElementById("comBody").style.display = "none";
				document.getElementById("notif").innerHTML = "<strong>${gr.number} is closed and you are not able to further comment. To open a new request please visit <a href='http://support.jacobs.com'>http://support.jacobs.com</a></strong><button class='btn btn-icon close icon-cross' onclick='modalClose()'></button>";
			}
			document.getElementById("comSubmit").onclick = function() {
				var doc_id = getParmVal('sysparm_doc');
				
				//getting comment
				var comment = "";
				comment = trim(document.getElementById("modalComment").value);
				//setTimeout(callAlert, 3000);
				
				if(comment==""){
					alert("Please enter your commment");
					return false;
				}
				else{
					if (confirm("Do you want to submit the comment?")) {
						serverCall(comment,doc_id);
					} else {
						return false;
					}
				}
				function getParmVal(name){
					var url = document.URL.parseQuery();
					if(url[name]){
						return decodeURI(url[name]);
					}
					else{
						return;
					}
				}
				function serverCall(comment,doc_id){
					var ga = new GlideAjax('ApprovalComment');
					ga.addParam('sysparm_name','putComment');
					ga.addParam('sysparm_comment',comment);
					ga.addParam('sysparm_doc',doc_id);
					ga.getXMLWait();
					if(ga.getAnswer()){
						alert("Comment Captured Successfully");
						window.top.close();
					}
				}
			}
		</script>
</j:jelly>